SNP,CHR,BP,BETA,SE,P
rs1004290,14,10885820,-0.010720334237437925,0.017483529246128292,1.8845501137278683e-11
rs1003413,4,82908711,0.04293014783122495,0.020490716219967002,1.3061896477403751e-09
rs1001584,20,20331509,0.0009209593093270435,0.019102406523814064,1.5546390130876895e-09
rs1006814,5,21132888,0.007837869258981564,0.02021398234137227,2.8968949683718913e-09
rs1005581,2,84479810,-0.02087736536329926,0.0490933513153878,3.28732696299023e-09
rs1009526,11,9827698,0.01710451231354922,0.02580771999746915,3.5010789183893104e-09
rs1007434,6,51790747,-0.051808586079389186,0.030022488540716194,3.539242859669381e-09
rs1008768,11,27348956,0.003451361174539266,0.031029784204741763,6.140369656580462e-09
rs1000465,12,4429985,-0.026287249163402318,0.018573759390119363,6.356479547610939e-09
rs1000204,20,46977520,0.03094424089325465,0.0373291620447265,7.220016692344752e-09
rs1003053,20,72542358,0.00914866801526308,0.0381383137243868,8.210932307527108e-09
rs1002813,7,47673151,0.03406171599974999,0.024406227582230898,8.588199646453834e-09
rs1004648,13,28624971,-0.05773084121771826,0.022518678908019292,8.645322341961436e-09
rs1007010,10,64571481,0.007477979881858618,0.03127357578481997,9.182138429350354e-09
rs1006918,12,39149359,0.10575258410711014,0.039644311880755394,1.0366361328681346e-08
rs1008823,3,33152369,-0.0737122826924233,0.04158978905331913,1.2936657585887953e-08
rs1004450,16,15214166,-0.12016198954906561,0.01189347155236633,1.2954392216750535e-08
rs1001621,7,40993951,0.043491284069800656,0.023071980191978952,1.3031660273877297e-08
rs1004931,13,85822264,-0.05214845166718832,0.048966077417179114,1.377364142710836e-08
rs1003925,13,1396904,-0.07153262568606193,0.01897519417121715,1.8031011079179817e-08
rs1009752,17,18482130,0.011336690092560126,0.02782670923805948,1.8907761602362193e-08
rs1003447,9,4030948,-0.007193213694570991,0.03710165264089643,1.9369524732159498e-08
rs1002147,7,33185790,0.0032790485685089098,0.028559888974678205,1.9912790105387247e-08
rs1004758,8,74495540,-0.07026702235524648,0.042069914750149345,2.087904794867541e-08
rs1000154,20,41908724,0.035616763340668364,0.019508721040831692,2.1522239757479918e-08
rs1000952,2,61496281,0.0065634435585752845,0.011219975585915254,2.280248431792179e-08
rs1005390,10,44618942,0.09846701684097965,0.025626647387127374,2.306775414308366e-08
rs1003579,6,41136263,0.016003878108853495,0.02427895196805134,2.381393855676597e-08
rs1003784,6,68030997,0.06414237765230106,0.04150753609003968,2.387978877112197e-08
rs1002503,17,76758633,0.05283309746305135,0.04415052016499414,2.586852167277386e-08
rs1000257,11,50942451,-0.03672669091740157,0.024770752918221662,2.6739488276976444e-08
rs1007172,19,79596259,-0.004848525883432107,0.018524894741964462,2.679306125955827e-08
rs1008560,12,75007063,0.05398490917382784,0.014272467089830147,2.8377760817055092e-08
rs1009704,1,5282378,0.059214229851628136,0.04731637039316871,2.9626217966235986e-08
rs1001128,22,48039823,0.0029928162172937634,0.044296166778543644,3.0006697855750866e-08
rs1006189,9,60220764,0.04657898115016432,0.01351777699221704,3.01269459603455e-08
rs1005826,1,74692880,0.009093145662751155,0.02303198875881968,3.184358943566156e-08
rs1004667,11,73186695,-0.007297649891451702,0.029934203692025263,3.2489445639399245e-08
rs1004173,10,79910646,0.005394984913371811,0.01959626607688506,3.4018936106008676e-08
rs1002378,6,68421363,0.04760801117620625,0.015385128296119387,3.406938907878759e-08
rs1002728,22,3726427,-0.005093267582130825,0.03573684261190352,3.767390282617347e-08
rs1008588,2,39362253,0.04747478276403668,0.01128500593037891,3.7737228696633673e-08
rs1006335,21,47347534,-0.03185435999693444,0.03943100768070115,3.788874099487073e-08
rs1008872,21,90952989,-0.01438682303667955,0.017501691600200178,3.7976340156735014e-08
rs1003258,5,68964107,-0.03329254613418272,0.012423876586932345,4.067500566116915e-08
rs1009374,16,15168931,0.0013105773150797714,0.0322750719977021,4.133608096393339e-08
rs1003369,19,29737303,-0.062099267997408,0.026569160624234242,4.233054271534616e-08
rs1005284,10,26417266,0.008798904450280738,0.02666372438732688,4.266664289168153e-08
rs1009523,16,68016445,0.007235978733922937,0.03622372122115275,4.336467573187165e-08
rs1000307,19,34460390,-0.015885186553340366,0.04981369266435292,4.3383340126434955e-08
rs1002376,21,97859441,0.004179368269223867,0.045883917248256224,4.3529351820285084e-08
rs1002743,1,87738037,0.034749983444388254,0.01589745745290129,4.4112395096819686e-08
rs1001383,3,98391988,0.0015211840021238357,0.030553989740808654,4.7681855817207124e-08
rs1009698,22,79076544,-0.01733262869558526,0.012656468597936064,4.781030786927071e-08
rs1007790,13,28103998,0.030527346831534404,0.04811625078662267,4.799366973901061e-08
rs1006735,6,34735964,-0.049496663828807054,0.035166789249401254,4.9846644042476944e-08
rs1001483,17,97270916,-0.006242620921333443,0.04291448737313838,7.661535578799322e-08
rs1002508,14,1335983,-0.10458259516821876,0.024625977847689037,1.0915887345061554e-07
rs1007640,3,76758513,0.04722317228143109,0.04520641433582551,1.1556646352751692e-07
rs1009684,10,17653946,-0.08061873520154755,0.014211704261512215,1.5313048966089383e-07
rs1003071,22,55095280,0.01705898145016782,0.041429704524900905,1.547142597161122e-07
rs1000638,12,64014156,-0.07850910498686788,0.037794243191572784,1.8320193743108292e-07
rs1005695,12,41266403,-0.09286594752598858,0.010478485988068957,2.4682131964103067e-07
rs1007173,13,88107084,-0.04950694458721157,0.013594515389396414,2.76220503144901e-07
rs1002687,13,21603778,0.08430062919305155,0.033183767937250745,2.9164378959478486e-07
rs1004757,20,37536331,-0.06796123886308073,0.013467062929242135,3.0414697297929466e-07
rs1002442,5,78809225,0.011729123353767346,0.022644282205113258,3.3195517377869695e-07
rs1004570,8,67739936,0.020359995790324003,0.030278702494401878,3.6962011932904504e-07
rs1001477,20,70889460,0.0431469855621112,0.024135366228087093,3.9772856208182627e-07
rs1002148,21,78658985,-0.02189111622151622,0.040259223199062506,4.725190222555418e-07
rs1006829,3,14242015,-0.0229915781032315,0.02360528843373804,4.978075126310323e-07
rs1002286,15,89079593,0.028891614431996244,0.04750853134611899,6.783478791397952e-07
rs1008675,1,31507516,0.015262232402706672,0.01574341080527737,7.138926115850392e-07
rs1007254,13,34606144,-0.09279923738315776,0.0414478841187653,7.859628449333293e-07
rs1002938,11,17534820,-0.12720377593670304,0.03464456943322095,8.040065805513951e-07
rs1004303,5,26642868,0.041074121958581816,0.032606262903112325,8.058224363512288e-07
rs1001460,19,71881081,-0.01870663407455182,0.02398207152813384,9.049144929855321e-07
rs1000518,19,96282134,0.035929826162501864,0.023546477849458902,9.808567299354245e-07
rs1006845,12,90592288,-0.016257961698793726,0.02715650459762882,1.1837400810730689e-06
rs1007349,6,82877042,0.03879715393684193,0.023039428032309982,1.1978942238027735e-06
rs1000136,4,40465270,-0.056753117275864386,0.019988656545400108,1.2170902744668467e-06
rs1003964,20,40547697,-0.05207332224708157,0.029668705766008135,1.2365766447813283e-06
rs1009292,11,90915130,-0.01860411038684384,0.02838019769363432,1.7507788849309096e-06
rs1000963,14,37970246,0.05699021081252428,0.01004971514594716,1.8643860994615347e-06
rs1007307,18,34529501,-0.03674836743383599,0.04259232506357267,1.9938625636628824e-06
rs1004884,17,96379640,-0.01253453280982797,0.04369014113745903,2.1056385719008543e-06
rs1008772,6,2765040,-0.07474891193813216,0.02179029150217937,2.175614359692641e-06
rs1008169,7,96432858,-0.018280565949703457,0.036392686858263766,2.2689737832059066e-06
rs1005343,15,63609637,0.038794877449573266,0.018680019209421646,2.291680833135835e-06
rs1005193,17,44895401,-0.07983299007619057,0.014746234820111614,2.3327049643901768e-06
rs1007803,13,28774535,0.0271469631002444,0.0470491062878922,2.341647526151958e-06
rs1005810,6,64397403,0.009037010766417044,0.04376432839948663,2.3610607593288523e-06
rs1008241,7,70391447,0.01199857952763389,0.029581587410092133,2.4884331939751367e-06
rs1000293,14,99249184,-0.005042240918922992,0.04336161638878422,2.751735195606626e-06
rs1009116,5,98581573,-0.08956396534632272,0.019387080960475363,2.7624744216034353e-06
rs1003237,4,91390186,-0.006305120827907887,0.030486715366704067,2.9331746922548233e-06
rs1008200,15,82925902,-0.03288983847981075,0.025603105863237226,2.9899782757305954e-06
rs1000348,10,26061958,0.06645360484970479,0.03318681740790158,3.244590448721284e-06
rs1006952,17,36711373,-0.029229572282751054,0.024772013816697053,3.2830829200459484e-06
rs1003462,1,21440897,0.0014030403191956226,0.023756128023323587,3.3265334792637587e-06
